"white","republican","conservative","racially_resentful"
FALSE,0.893393307043906,1.13017074769868,1.34415159319982
FALSE,0.620575955672989,2.97017924441082,3.29536479170893
TRUE,NA,3.30715297631496,3.780213398078
TRUE,6.29332874394685,2.89452287824675,1.99343544914915
FALSE,3.78437121706981,2.99143092251522,2.75728172756321
FALSE,0.960474711038964,1.03675232509054,0.995812093927234
TRUE,4.99014859321129,3.03820680065608,5.01949152688476
FALSE,0.911211706645451,4.92115402393588,2.36223518962486
TRUE,0.729531965193423,2.1198236697993,1.83806943493869
FALSE,0.839153594513111,4.02596550903746,3.95805505237905
FALSE,1.09386073149376,5.00091429886385,2.96443576307142
TRUE,5.6156288121816,3.3117095999243,5.01786787000779
FALSE,0.737341431611953,3.9691772480616,2.01926741866004
FALSE,0.82506916277974,2.06902833547327,3.14146323873493
FALSE,2.5486026906713,2.91835493977654,4.97310394570056
TRUE,1.25004167070305,1.0642160249788,1.07146402018565
TRUE,0.971816084512178,0.982491350856281,1.00088881813398
FALSE,2.70967773059432,1.10799230262925,0.953055769807355
TRUE,1.82387485367224,1.89828555886281,0.808902774450338
FALSE,0.595963875259201,0.993799352541804,3.00270443733764
TRUE,1.8337117616309,1.00806762593101,2.42865329510466
FALSE,NA,1.99833063213779,1.08763554954705
FALSE,3.30612681736469,0.925542125230636,0.821082075186716
TRUE,1.21051650082126,1.04196905614126,1.18216300144782
TRUE,1.01822473258901,2.84537473048676,3.54889129740428
FALSE,0.736938885911496,3.0666707925713,4.93420281326995
TRUE,4.38506695327274,2.93020058320593,2.74663941495223
TRUE,1.16543509790648,0.990585658240348,3.03904998153131
TRUE,1.75589949110598,2.6302510742501,3.21790012732335
FALSE,0.997017593133454,0.926292734393172,0.953438586985333
FALSE,2.80465054112214,3.14175253490487,1.07612429091321
TRUE,7.26007023777256,5.0258725479829,4.23781129077196
FALSE,NA,1.19366700913201,2.91356434928069
TRUE,1.35724738095593,0.826330871833713,1.78204332552344
TRUE,1.71231737665974,2.11831067815275,1.91401254076456
FALSE,0.808537564466305,1.06069987493899,2.94952647173275
TRUE,0.723029084967746,2.03303342756868,4.41811668081606
TRUE,0.598719848985403,1.12868872052572,2.19727046119754
FALSE,2.4503370575154,0.980367120756302,1.17558699844239
FALSE,1.17746016725609,1.85978023301341,2.9579775099284
TRUE,3.89809358908727,4.09913697824128,2.77987738090762
FALSE,3.84808261338335,3.12663474966253,1.06838128057411
FALSE,1.96764420875642,2.96952911755184,3.56526345343414
FALSE,1.00797938566015,0.934624332094177,0.99054132188128
TRUE,0.980211616552121,3.07936758573771,2.75534392204176
TRUE,2.16595771921293,3.15017019101377,2.96961621451074
TRUE,1.39703849971851,2.02010160012167,2.93350792574153
TRUE,3.69213261273007,0.925970837419195,1.51644224773616
FALSE,2.57304005955521,1.79084920864636,3.09449389693132
TRUE,1.29283997326364,0.944772772873816,1.46996529026617
TRUE,6.87044925047464,2.93256214104327,4.407711287416
TRUE,1.00115517302847,1.0708398374952,0.998041358413831
FALSE,5.74325595502825,4.08598330158758,4.44942625901475
FALSE,4.01967302760975,3.01008315621828,NA
FALSE,0.78085661878555,2.19646446779728,2.76259009407742
TRUE,1.1301100267885,1.97347784444076,1.09426542143662
TRUE,1.36625309834946,3.91737768882568,2.59849736531646
FALSE,2.37539130328471,3.87328943935119,3.58178595314034
FALSE,0.825562070581965,4.0962314583226,4.72062861926501
FALSE,1.26909276268736,2.90808946139058,2.50950680908997
TRUE,1.40018434271635,0.870099259258478,2.96845841385185
FALSE,0.843483737584202,2.94010159641434,3.03831599028983
FALSE,0.800975111391241,3.10115385462522,1.70689970746001
TRUE,1.45932321550527,3.93120379371419,3.28905086930918
TRUE,6.7464936721673,3.01461860340112,2.00196933456576
FALSE,2.8566987851211,0.861450058101311,4.38392053759462
FALSE,2.21525597986952,3.01172416840498,3.26741488678292
FALSE,6.94262548591081,3.98024201291382,3.40091200120555
TRUE,0.967973885080663,2.9373365893518,4.98401987493196
TRUE,1.26153972256349,0.916012368427496,0.952877668689911
TRUE,2.71745284643272,1.97784352757494,1.71322843667601
FALSE,1.19294272515536,5.09046715233728,3.01264146436515
TRUE,5.35288163999241,3.86316254378251,3.68149552377223
FALSE,3.41612400621019,3.02384220084094,3.91224535291676
TRUE,1.3087153758075,0.935709856198881,2.95599969209229
TRUE,0.96467816002635,0.939845744483737,1.48658726678644
TRUE,2.84355137752417,2.98539614142278,1.31919099220942
FALSE,0.848578341493357,2.06474034423654,1.05568743238715
FALSE,1.05731336727554,1.18802322966585,1.80156917918751
TRUE,5.9358400367863,2.89605752941705,3.35842784381501
FALSE,1.8731299077813,3.12646191343163,4.40769065060494
TRUE,0.688694415423079,0.878344905764388,4.1181706153889
FALSE,1.21777456481547,4.1143350712357,3.01115707604314
TRUE,4.3532644765885,3.9815134118074,3.14284744515928
FALSE,0.824312052085815,2.93702249503363,4.09032981086304
TRUE,1.45328933684371,1.08615666450206,1.47353346287249
TRUE,5.23516549535165,4.14716103449072,3.30032044663841
TRUE,1.22805185086318,1.87714149744909,2.00870753523071
TRUE,4.01642128826098,1.90889429533166,1.69547873697133
TRUE,NA,1.97871735174028,1.42758815711136
FALSE,1.01951707110927,3.85910850497983,4.88830270348496
TRUE,5.23989320404197,3.96526666283577,4.97726223614709
FALSE,6.64325565955576,2.95395481667944,2.84386309205701
TRUE,0.38696186790528,1.97210307563905,1.42839826012054
TRUE,2.88676083054333,0.955509142318102,0.936016455239663
TRUE,3.8592095860947,5.07565443314695,2.99618280458775
FALSE,5.15725225508393,2.86400081241403,1.20464577518488
TRUE,1.01093964925387,2.97436586189987,3.05257797038245
TRUE,0.876865993220932,2.11383118211212,0.97540228800441
TRUE,NA,2.85548154022232,3.03292001400491
FALSE,0.622180129253462,4.97451197451198,3.1754602157752
TRUE,2.24405133346884,3.85667767918456,3.51959028741643
TRUE,0.859403626178196,2.15423884000661,1.6759681710471
TRUE,0.66433939052092,1.00402347147139,1.52251875538418
FALSE,1.09436032311243,1.09283346550179,1.57170125771374
TRUE,3.83686177595604,3.84082684311611,3.06894289640986
FALSE,1.1537026205068,2.98788074938468,1.68923136527239
TRUE,0.969262612052634,1.12972118910881,1.64066229819709
FALSE,0.824538299266467,1.15607921593451,1.1632013266872
TRUE,1.25334902392952,1.98424447955163,2.65287837349889
TRUE,6.94444287534507,4.9504194024401,0.825998355815694
FALSE,0.92484204960846,2.94290685574723,1.36389756315925
FALSE,6.95236439406544,3.08604141130317,1.91361303487986
FALSE,2.22872672361329,1.89758827744202,1.13222879511131
TRUE,0.996899084924218,3.10017051989019,3.48293557778718
TRUE,0.970018990282866,0.895005592378051,2.03394363150259
FALSE,2.23754209154279,3.95228036354331,3.95033617113034
TRUE,0.955217198551474,1.19763099402327,1.08789028835136
TRUE,1.29429846564448,2.15697050846466,1.87918303591692
FALSE,1.21245594907693,1.15143410690897,1.54008513906328
FALSE,1.02098955590737,3.09087655507699,0.919512518127001
TRUE,2.62800607566406,3.01144415565183,2.66219736800432
FALSE,1.34291337476058,0.914164279242868,1.67124881220786
TRUE,0.831113750827118,1.95468146913918,0.963347358557526
TRUE,5.79420197776927,2.95414182079897,3.48529243920635
TRUE,7.59886745855201,2.96367233424656,3.91276654849244
TRUE,4.0460891745687,2.05286062774008,0.898070013532798
FALSE,NA,3.01189942296609,3.18977363733743
TRUE,0.891916107659589,0.866269654396778,1.14471669531734
FALSE,1.53372546815154,2.84228080187151,1.162924769034
FALSE,0.922815336982792,3.9935316130635,2.93160470667374
FALSE,1.27001857208734,0.95010475581299,1.00762750241497
FALSE,1.16955846982295,0.870629865525285,1.03550600181356
TRUE,0.937794902186019,1.93793428460986,1.77678595622187
FALSE,4.04836315327402,3.96411873144619,2.44757542792961
FALSE,1.12322000973171,2.98734526526956,1.75153501465129
TRUE,2.20937547679447,0.823050084872561,1.30032098040727
TRUE,1.96205341295699,4.1290199084316,5.13062403738721
FALSE,1.93914508954771,3.01807437844709,2.53835243482912
TRUE,1.14708504275426,0.967252549165918,0.97435476157199
FALSE,2.83429879115422,3.07434825711618,2.31891494560287
TRUE,1.16146810318644,0.982212406539396,0.954913671678808
TRUE,4.42517626255162,2.93417457461553,1.59890102443264
FALSE,1.30808199476178,0.970764979417922,2.28644697205355
TRUE,1.16410612955694,2.92057508436113,3.0189387365703
FALSE,3.81414683003342,2.99947729582697,2.91116254261044
FALSE,1.7704296472703,4.28880402382051,1.84726182187141
TRUE,0.994103559838016,3.0003340795926,2.96215442999651
FALSE,0.747026548069124,3.96524934499582,2.24738282674314
TRUE,4.98598169290937,4.0598798612096,3.55313716695259
TRUE,5.75408864356944,3.01349213784146,2.63489629002055
FALSE,3.89970248027391,2.72020053806594,NA
FALSE,1.07290455461819,2.94817574926766,1.17727538530276
TRUE,1.11292155246104,1.83522310289212,1.04317023193633
TRUE,2.97106705098863,0.943429221045538,0.943514692986938
TRUE,1.29711632104,2.06831585289128,1.19432145432698
FALSE,1.26051082315468,2.17324717309947,3.82129028161594
TRUE,0.892907954525153,2.12271531563054,0.78061115558473
FALSE,6.78249710801086,1.83939336818779,2.967102013652
TRUE,0.532558700594168,2.05298459940683,3.90645895888951
TRUE,5.70282290615804,2.92376991808659,3.54986153248656
FALSE,1.4475372319803,2.94561447147928,3.03711655496944
FALSE,NA,2.85761782825852,2.95675748400405
TRUE,1.30934743698671,1.01959606381883,1.75571271606296
FALSE,0.634919426032295,2.90392784697851,3.75267996478261
FALSE,0.918317373852537,3.02737417910077,0.953374983157497
FALSE,1.41946176030145,1.04385392288919,1.13915246361185
TRUE,3.22532167282227,2.03048062456479,1.33244122916478
FALSE,0.854312530455065,2.99657151556635,3.29782886954574
FALSE,6.87744411919865,3.04865792918394,2.73178587633393
FALSE,2.04942176354764,2.99266194813597,2.03844439370221
TRUE,1.04679155629148,1.80113037114028,2.22550002227484
TRUE,0.959858375263621,2.18381622506734,1.94652205941171
TRUE,5.70676986902326,3.98254099615642,5.00433843315147
FALSE,7.41575478572488,5.07322087678766,3.80753434089673
TRUE,3.21523516457026,2.0071080484685,1.37573464218618
TRUE,2.09334478224115,3.12288016170578,3.00364589435243
TRUE,0.963580404296826,0.923443122470806,2.2858826375079
TRUE,0.970299408196523,2.11012785124961,1.49835640977135
TRUE,NA,1.04481766663453,2.99927512045791
FALSE,1.02412461175975,0.949997996910587,0.963117617608129
TRUE,NA,2.91496800848828,2.8677581503848
TRUE,2.9257044607771,1.97826457751549,1.55132421367766
TRUE,0.899339239364212,1.97320223877572,2.56157608686764
TRUE,3.27227167302086,4.06381358226389,2.97487784995398
TRUE,1.19732676180441,1.02604044508889,1.14690981806927
TRUE,1.07814697361222,3.13018851216614,2.9769076568168
FALSE,0.881625921419303,2.91231350773132,4.72485457918122
TRUE,3.02094558616988,0.952152904849295,1.73928419979361
TRUE,6.33655126860576,3.90105392325717,3.59770046854333
TRUE,2.8311982863954,1.07834269726515,1.77710737526589
TRUE,6.40884184325438,3.97640027131383,3.95766883385204
TRUE,0.804807174015518,1.97467465732917,3.07242847877457
TRUE,2.97906969763912,2.05750576774783,1.86427012056975
TRUE,NA,3.06264275378613,3.07379698271249
FALSE,3.96902773008583,2.69055000095389,3.08297789553161
TRUE,0.885025243752429,3.04717736315971,4.49776059565629
TRUE,0.713511999239296,0.852058327059841,2.26692844330953
FALSE,NA,4.13972413496657,2.62627926000934
FALSE,0.951736447932823,4.00145768666105,3.01607432879482
FALSE,2.42968308436961,2.07432131938876,3.5358609288322
FALSE,2.35116225765631,3.09307540185024,2.83768763547081
FALSE,3.58422426150475,1.17554028892583,2.53776025555713
FALSE,3.39767161752549,2.85974098886003,1.54339299308344
TRUE,0.813371941157905,0.702303941717265,2.87415547192301
FALSE,NA,1.94442960906697,2.93102017360141
TRUE,1.23030360871512,2.05268609479144,2.00994015905486
TRUE,0.470300347715539,1.17854650062136,3.00527889989945
FALSE,6.70017589710305,2.07694095935734,2.92745009468348
FALSE,2.47933435084093,2.98666678591546,1.41553392546556
TRUE,2.77336629760848,0.98249910455985,2.02164562464934
TRUE,1.63363046289894,3.91108154766795,3.56604564536699
TRUE,0.596028424903897,1.90146338262213,1.45512477627059
TRUE,1.18004936838066,1.95326488480134,2.99360405877525
FALSE,1.92757148089288,2.00872830475444,3.60287034189291
TRUE,3.49023276154262,3.12345148053081,1.32562593261563
FALSE,1.33018395385908,1.93262122957113,1.76598187331273
TRUE,2.10111652842395,2.85504725759091,4.96886866980988
TRUE,1.2748912229214,1.04227679921221,0.900767336272626
TRUE,0.359681263665587,1.01996459977305,2.11309022740888
FALSE,0.494982081633578,5.08284266350253,3.01827399170433
FALSE,7.33626709317898,2.90850841831917,3.09925412802988
TRUE,2.92602199680624,2.20111347763266,0.901372156221537
TRUE,2.21516865788145,2.98464168752873,3.62110284214738
FALSE,1.47712712662951,1.04673893921906,2.09635730771435
TRUE,2.11756084022967,0.955614249775779,3.16461449228606
TRUE,2.95309077575537,2.9315483368051,2.24549228545502
TRUE,3.12927290090472,0.96603269015125,3.79897848816259
FALSE,2.38075315846602,2.885454016689,1.07599881983325
TRUE,3.15547167984811,1.1751647645623,2.26768420355772
FALSE,2.08216933555845,3.10722301574651,3.00180171669051
TRUE,2.56763729000566,3.18887034290423,1.82230088789867
FALSE,4.34275679573111,2.90504322649291,3.26119375312956
TRUE,1.18894563394953,2.94862499965197,3.40039131313052
TRUE,7.07761226133697,5.11288618241621,3.01859363218241
TRUE,5.25933846139052,3.0701147662805,3.34547975167697
TRUE,NA,2.96579029656508,3.08203200584775
FALSE,1.85569251475901,3.10819595868187,1.55498262355569
TRUE,4.24221212259347,0.977855636133955,3.06306851922374
FALSE,2.04589928739848,2.01446945298558,2.09168255248984
FALSE,1.19016217805465,2.23718463273148,2.50389083754664
TRUE,1.23592768770354,2.9775763881287,2.92804409341949
TRUE,4.92700992719174,3.9959343620745,5.15561990240117
TRUE,6.77572563817475,2.84256916830892,3.11990573595059
FALSE,0.972726691087636,2.72642586049487,3.19315279645402
TRUE,1.43817962940722,2.02358769566557,1.36305924187791
TRUE,1.26010447417039,0.877441002990931,0.980863844567387
FALSE,2.10859436149044,3.07028979490874,3.36710632685245
TRUE,1.26500304631946,4.07291095876837,2.95504573796582
FALSE,2.02707460479323,3.88358849904012,3.22297923197613
FALSE,6.30137306190975,3.04670220021538,3.93078048181781
TRUE,3.94317187437779,2.99582096864561,3.2000160888219
TRUE,4.80352461679069,4.97024709711609,2.74480985311067
FALSE,4.4854879327894,2.94181459877271,3.82234718989097
FALSE,6.00252922623769,2.91296564652036,3.42628972240431
TRUE,1.88891508140765,2.11699827351954,2.02692444300057
TRUE,3.76925339578361,1.91354303290333,1.40545661386291
FALSE,NA,2.9982999018987,3.11163918517137
TRUE,1.01442310140391,2.97722440700347,2.80434514688046
TRUE,0.960765521558115,0.945050815623527,2.73747836601986
TRUE,0.747450996450536,2.13542223821004,1.44465567090876
TRUE,2.06485717997153,0.955005462056295,3.66679147300065
TRUE,1.77994648745636,3.16287044012921,3.54455382833661
TRUE,2.13954370404927,1.10426215775427,0.826139734445683
FALSE,2.23884596789002,3.16782417209052,2.9809518945877
TRUE,3.02634735673588,3.05643301258292,2.97633372592857
TRUE,1.94149680284883,1.88641977856903,4.56991730004997
TRUE,2.2741206797411,1.14170908705907,1.43869963352638
TRUE,1.65171962159624,2.0008941012874,2.48912870838403
TRUE,0.715058207975443,0.946265332088448,3.45281640499216
FALSE,2.98308853716254,2.88857144305684,1.54986920151894
TRUE,2.98424649843471,2.02825930343876,4.17476447552971
TRUE,2.97872876666677,3.06493976330516,3.13133563872419
TRUE,0.957840834186377,1.03784788494673,3.02533075917314
TRUE,1.88129121870723,2.75853457142042,4.04413016823421
TRUE,4.51459650036061,2.01967879900616,2.84330179338504
TRUE,1.88818745339305,1.92848133837342,1.74564059355106
TRUE,0.762784236775493,2.02671315805063,1.22023019105375
TRUE,3.47229806135814,1.82097944475724,3.00376220972991
FALSE,1.191477111879,0.871627721608591,1.5101691310455
TRUE,3.2514939606952,1.96427455907529,0.936744212688868
FALSE,0.703003695601952,3.18659039393782,2.79966993267731
FALSE,4.58968775746341,2.91000402519071,3.25468664562498
FALSE,6.84435102214815,2.98488385374088,2.72863344145864
FALSE,5.94306218007615,2.99265965754993,2.9802481798243
FALSE,3.30294937303289,1.8738268469114,2.0880230532954
TRUE,3.04445426137991,3.91057622374415,3.24746002672901
FALSE,0.934355373950364,1.80424733400701,3.08250771601225
FALSE,1.15596461495376,1.11774335936206,1.03917450334958
FALSE,3.9450469482781,2.77101430564669,4.19936931243541
FALSE,3.97205000695587,0.981802906351926,3.42577226807954
TRUE,0.415597726140081,2.86604051754952,1.28380441589181
TRUE,6.20589549837041,2.87020676874337,2.91861051826914
TRUE,1.26312368802225,2.08766675089631,1.96027224269585
TRUE,6.79901377245498,2.8824784406172,4.4456173138158
TRUE,0.90737908362102,1.95812694650407,2.2146508293676
TRUE,0.97685102640174,0.984448134948086,1.13242202956954
TRUE,4.32894084355329,4.10384791189477,2.5003279767141
TRUE,NA,3.0137725599675,5.00870367135802
FALSE,0.995757234948029,3.05133908876435,1.63010618298186
FALSE,2.03788980577779,1.89868326766676,2.55671068750106
TRUE,7.10787066200017,5.09413144585861,2.79181261946224
FALSE,0.921401935626662,1.03438438179476,1.65659412590602
TRUE,1.02686344770334,0.893335580819793,0.925005012222554
TRUE,1.02318910969729,1.94248111639678,1.43558219624068
TRUE,1.21267213875156,2.10081231745914,1.03997288148169
FALSE,2.01777557960172,3.04265923980037,2.46678775781644
TRUE,0.780874096987957,1.1157656840678,1.49857779444609
TRUE,4.93946073521755,4.21259879191186,4.01385903618377
TRUE,3.90993632406817,1.86987680696049,1.42047460788789
TRUE,6.40545142528295,2.9708892851631,2.36156674382687
FALSE,4.10227939212348,4.16447855496602,2.68173203318092
TRUE,3.21130627564825,1.03959075565898,1.85052042287976
TRUE,0.744884293844909,0.926314221363516,2.09476611198766
TRUE,2.48858579224028,2.9091817819658,2.2425075455142
TRUE,6.68882347459271,3.98004194655129,5.25363872000622
FALSE,2.25605140827301,3.87139424989496,2.7921191770231
FALSE,6.89997405714977,4.81725742296048,3.42852439160924
FALSE,0.873353276900248,1.12936666617014,3.18804419460662
FALSE,1.14080998087972,1.12237227035071,3.30417975615939
FALSE,6.09865752004521,5.11182604902894,4.77739700033185
FALSE,4.34583133112274,3.121445848254,1.83030911045093
TRUE,1.07769994181835,1.96525466766718,1.31853214416732
TRUE,3.44530493880572,2.01332645809213,1.10657118755367
TRUE,5.97578720408865,3.96476892704749,4.01147838279705
TRUE,6.1087116589295,4.12790811228535,5.04239041855686
FALSE,0.829659358062427,1.79486540404016,1.28182240739526
TRUE,4.78449355495417,4.05487317801222,2.88359796415581
TRUE,4.42916835235634,5.12006350955825,4.89127611746227
TRUE,1.98604603939816,2.0940538425538,1.49176158289147
TRUE,1.5147219391821,2.88838061692624,4.41812075602525
TRUE,0.983344127343848,1.00704539367601,3.66315073556958
TRUE,0.933191150060147,2.14717214983808,3.16533755420431
TRUE,2.09796309933618,2.06577283428281,2.92439954130624
TRUE,2.33677538205855,3.02545443600049,3.46413411242537
TRUE,1.97151247631663,3.02495444938141,4.2381786942365
TRUE,3.99029712618462,1.96367521662623,3.99286696166507
TRUE,5.26839104570893,3.08331102681597,3.38310949228128
TRUE,1.99479979421307,1.95434895236919,2.89269388305814
TRUE,0.808871900272989,1.99162246554815,2.87033151530374
TRUE,5.8762287754522,3.01091356505478,3.92254554790819
FALSE,7.18144647568321,4.91482589599534,3.14069409294983
FALSE,2.9896873345771,0.98056762941658,2.65465436051433
FALSE,1.94814610684771,3.8976033603217,2.47395921976944
TRUE,1.85938079917049,2.05149069922104,2.62010286141113
TRUE,3.41742717047745,3.14481267391135,1.72973941607565
FALSE,1.58859864954022,2.0218171309534,1.92499181691321
FALSE,0.985022570512513,2.99406925327599,3.38805900984191
TRUE,1.72044107996588,2.12768871013078,1.147488591475
FALSE,1.21802875461717,1.82468481681424,2.243242232945
TRUE,1.30180420662856,0.862579703471463,2.12990049196343
TRUE,5.76479263542261,4.08572092217791,3.19850593334207
FALSE,2.86186348404545,3.12165043943342,3.58687850520488
FALSE,2.82289501601432,3.00753546655858,2.31505044275504
FALSE,5.8329592147862,3.13533475201234,2.50114722094647
TRUE,NA,2.92880731209737,3.0112994023429
TRUE,NA,3.88831628229513,2.87263397477283
TRUE,5.87215644229067,3.07038592428501,3.65076430220235
TRUE,1.86328387936582,3.06616250062138,2.94330144926338
FALSE,3.01981276389377,1.85931057704444,1.66982251748266
FALSE,1.98033945915499,2.04232680384213,2.90011727103897
FALSE,1.69523972592,1.92995232013468,2.02555728031914
TRUE,1.01449335594353,0.859665221323473,2.28223582268232
TRUE,0.673050578805795,2.90053761231916,5.08386441373366
TRUE,3.79969702595826,4.12363285746245,3.56748519855293
TRUE,0.658364839190448,0.882778952368605,4.82179699241866
TRUE,0.786015836352594,2.02000145731011,2.58546067990635
TRUE,1.219911942712,2.92249332721027,2.98001401730308
TRUE,3.14659094293409,3.10172681836909,3.73397224555419
TRUE,1.05312875995627,2.98499345954834,3.37882742174214
FALSE,1.07013476198714,3.08181171230936,0.872190753855206
TRUE,3.30115237487303,2.12337537803206,2.15587067654191
FALSE,0.708874728553154,3.10019954405158,3.00307124902361
TRUE,7.4357980873471,4.0707589666698,3.56231802086405
TRUE,4.13468364399691,3.10692332733335,2.68218352379918
TRUE,3.59499409243082,2.95621347068296,3.5398117126097
TRUE,1.98630318461038,1.97895554119694,1.00888520659684
FALSE,3.9965750244188,2.73744824036706,1.24249851620147
FALSE,1.09283407545681,2.92892691911916,2.23559465799515
TRUE,7.14184276093427,4.11092701126537,3.60746314512784
TRUE,1.86380234376127,3.01179987365379,2.09845365937337
TRUE,3.29158512634856,2.96524568959037,3.05429998267667
TRUE,1.90979265443527,2.10885126863669,0.983592412530932
TRUE,5.74787192176775,3.2453928542653,3.75099425006944
TRUE,0.664216021287552,1.03169611793392,1.7405327763492
TRUE,2.15245669603243,3.93689975608439,3.45430765753819
TRUE,3.86512895379648,2.84202647517513,2.44934131488839
TRUE,2.88606722990216,1.06648314472003,1.00108930866773
FALSE,1.38002557521635,1.97729268562143,0.86143421187453
TRUE,2.58772086389429,1.94906434121281,1.57377471555144
TRUE,0.87238189891691,3.01310529752524,4.12946012951724
FALSE,1.87547936585699,2.83275686819842,3.30816950608711
TRUE,3.41600604518176,2.6893829549727,2.14790183563694
TRUE,NA,4.10619605030635,2.96017155711297
TRUE,1.24647980199799,2.04297014614622,1.71596762921548
FALSE,0.754112158488903,1.95604017656334,1.95228379188072
FALSE,NA,4.89576622162208,3.77646979907068
FALSE,3.99052142818146,1.02911843177855,4.11566234952736
TRUE,7.44104349306572,3.90886242974609,4.99523888704341
TRUE,3.22296993840902,0.972080480626748,1.95269036779063
TRUE,3.82669996283145,1.97667178692314,4.15941230025819
FALSE,0.905022647983742,3.02480896285847,2.99798926982222
TRUE,5.71023552716826,4.06620505129937,3.03503557143405
FALSE,1.04152063838956,1.99151421309391,3.09499552552296
TRUE,NA,4.16526437755538,2.91134141509046
FALSE,6.14560738190195,2.99617560958009,2.90751345088808
TRUE,1.11672780570976,1.16695259745598,1.33307729051696
TRUE,4.27382482288055,4.16243784615548,2.87662945529829
FALSE,0.937014696695743,3.09676149371713,1.03759453521201
TRUE,3.33663172015928,3.93337133465418,3.34183387909764
TRUE,1.16405260893991,4.89186773913378,3.00308623205094
FALSE,1.10030894246363,0.994028534663231,3.40536213375201
TRUE,2.1416560763603,1.92686581231151,2.93399512178981
TRUE,0.728435533146042,2.03860793287094,4.20464742880763
FALSE,2.99952961000532,2.1431506533652,1.07237517079949
FALSE,2.3362993156278,3.12790763057066,2.95750464621496
FALSE,0.993207728377485,3.16670533200399,3.02408717724449
TRUE,4.02037237611015,2.24414238839504,1.56567633898082
TRUE,2.03573853647182,3.11979742101284,2.33197652797844
FALSE,1.0707331433003,3.89836965782708,2.11129708071016
FALSE,4.25826613899002,2.90074902263673,2.05475258985615
TRUE,4.08993549421741,4.11232207971515,1.19357603542817
FALSE,1.16194217423989,3.9189130121992,3.51640803393
FALSE,7.28146202318278,1.77262315527399,3.50580386343723
TRUE,7.26917861076706,4.93718215617334,2.95307685696472
TRUE,1.24784767756298,0.916309232147624,1.55341570250757
TRUE,0.586889354794892,3.03708528494629,2.05344621781415
FALSE,6.672203044061,2.83451521039735,2.90220494919217
FALSE,NA,2.90526736355918,2.98356749320883
FALSE,2.33935727069305,4.0237093655298,2.78235359747281
TRUE,3.82357881177227,2.93274673798047,1.37421906897109
TRUE,0.589915627652761,1.96031399661525,1.13534352769338
TRUE,3.0340608503443,1.07356253063692,1.20414296471974
FALSE,0.78790387676406,4.8988789989698,2.87712283913236
TRUE,1.79599241913736,1.98368009953934,2.28966582711079
TRUE,1.16835967515338,2.84966673518969,3.66522562387454
TRUE,0.783852321440689,2.03380794422423,2.13412230255131
FALSE,4.07581426718084,1.93228424269877,0.971862472009426
FALSE,0.911792420334331,0.972257805135692,2.02270981268576
TRUE,3.05027896231556,1.90730193484265,1.72098603730362
TRUE,2.02944878451257,2.06209923326103,3.29555965414677
TRUE,0.851236098967732,2.12064816583259,1.114510380762
FALSE,7.33991027128444,3.11563634035508,4.94562035341136
TRUE,NA,3.03935493631405,2.45944360418304
TRUE,NA,2.86103581309871,1.63552818668923
TRUE,1.00803955138484,3.88697110099784,2.94978843939012
TRUE,1.23689635224415,1.9262266017342,1.22137085109893
TRUE,NA,3.01099346990678,2.85673795861037
FALSE,1.30180834305197,0.980819733095911,1.07337076855703
FALSE,1.33888353483377,3.02255821547107,2.01451084920761
TRUE,2.87130015060418,2.07569067872482,3.56291218576939
FALSE,3.24254739152836,3.04559865297625,3.43574173627791
TRUE,6.97307319734422,4.92779367091256,4.19213006106329
TRUE,7.08820070779271,5.03319465311414,3.17108361267122
TRUE,3.74842534924025,3.03903421004065,4.54555250596706
FALSE,NA,3.9974602834101,2.13442580430519
TRUE,3.0035098381807,2.0647571299092,1.37907855004724
FALSE,5.92518867155982,2.88002379788228,4.35592581963749
TRUE,0.704024157600474,1.957804809836,3.01668467610308
FALSE,1.21362563252563,1.18086468069642,1.89345058185997
TRUE,3.59898419431431,2.24195428930103,2.91119511563866
TRUE,5.40476374772786,2.99039774192392,3.49932306682772
TRUE,NA,2.07185943214548,3.01052265171968
TRUE,1.26697351597489,3.00167110678965,2.9208829063805
TRUE,5.94787114544588,4.05098871768546,2.89452814895544
TRUE,6.12291023109031,3.90724239431371,4.01736126733561
TRUE,1.09441311699793,3.04648070978295,4.55056081832636
FALSE,1.96154469763835,2.99223261040062,2.27735927931687
FALSE,6.04955244106157,3.6778092429543,3.45916785041181
TRUE,5.3656435607484,4.00987443423966,5.06762728532044
FALSE,0.919646100111385,2.95478802130002,3.01553626292562
TRUE,6.10225378953638,2.82261777699853,2.92251424278501
TRUE,5.3283375766259,2.99372040250264,2.83202377235049
FALSE,4.2545069092745,2.967039907793,3.69218314019335
TRUE,3.65166231743651,2.76631214356664,3.43421266816921
TRUE,5.64897746005187,3.95774360064145,3.68595550008288
TRUE,0.734967837021046,2.06062658337642,1.45788477807283
FALSE,5.07420128923057,3.09182034688552,3.69132862657743
TRUE,4.04977421631547,3.12950876039823,3.06790422408416
TRUE,2.56617113391462,0.996445783206774,2.40119675320594
FALSE,4.19451985306332,3.04413279518061,3.01034321753939
TRUE,NA,1.99506042943537,3.20705138872333
TRUE,2.59497081439163,2.07324008523275,2.14480706079351
FALSE,2.09169897557622,3.06776127537994,1.89547403349993
TRUE,4.21702364571531,3.10316897416622,4.78158862410225
TRUE,6.07559092622058,4.01719365717996,4.03774445281719
TRUE,5.62383784381977,3.05165877514358,3.05551055331118
TRUE,6.58538054472307,1.90178289245961,2.93270236032066
TRUE,3.68518896733923,4.0904144038827,5.09487503760141
FALSE,0.940158838367832,2.98281020187507,3.24349715777434
TRUE,1.00454496179859,1.97517439350755,2.19250629872482
FALSE,2.07008330318691,3.89263980034002,3.91208194237992
TRUE,7.10037183003734,2.99610001097231,3.45663713449983
TRUE,2.64033365402652,2.93313063965443,3.48857873974149
TRUE,7.32709560122038,3.99333939088215,3.70106159792842
TRUE,6.0309222482132,3.9176342518662,2.69906657615913
TRUE,5.34586224805575,3.0344083974637,3.29683714233635
TRUE,4.07881644037291,3.86139794516115,3.69705423696466
TRUE,1.27507888987325,1.98044152159615,2.50614255087449
TRUE,0.806074989879673,3.02182708231789,4.4535965080691
TRUE,6.02450217981185,3.06558823266172,4.0325691793172
FALSE,0.98588685909823,4.24742822403237,1.98344579694235
TRUE,6.66811955818867,2.94345129862518,4.18494134478976
FALSE,1.09792280330132,1.12374054074442,2.9945979530558
FALSE,3.40410009086142,1.84673362888939,2.93820011318146
TRUE,1.97685089568608,3.15752829943261,4.07330133868854
TRUE,1.17969737174317,0.971149064439128,2.42702378151122
TRUE,1.06293098281154,2.1150488543078,3.40070501172758
TRUE,3.92000112521535,3.99706174970702,3.27663081213751
TRUE,3.23322012877182,1.97027455352459,1.99811455629038
TRUE,3.89181809870372,3.0744629224679,2.55427553082473
TRUE,NA,2.99925212039247,3.56461496361778
TRUE,2.26563403905032,1.98422557219927,3.41275992131693
TRUE,1.24236346814266,2.17719697725476,3.28317932741573
FALSE,2.13340377730658,2.98697422004879,3.18688186347973
TRUE,NA,2.99792392883296,2.93759520033074
FALSE,0.771077637406897,0.95118408187375,2.81704158508647
TRUE,7.08619818388741,3.98249813562875,4.67418105325404
TRUE,4.09613439478295,0.925670084587402,1.58798672526594
TRUE,5.36200012193093,3.11371006438212,3.75433525202926
TRUE,4.91836245508505,3.01648079578626,4.92747928318335
TRUE,1.21967989719328,0.862316184571494,1.80266887839534
TRUE,1.28984905363622,2.21661088068964,2.42107452579513
TRUE,0.778299293213128,3.06440299326388,3.05187974883882
TRUE,0.673463141059254,0.892212877940307,4.60918289395697
FALSE,6.80125601105263,4.21364435912558,3.06357246919698
FALSE,3.82827515127182,1.82525690730427,3.89045374802139
TRUE,6.28925423345392,3.9472208490046,3.49253708200918
FALSE,2.23043135578783,4.21460532418848,3.34923620728746
FALSE,0.971061500432228,2.0922665103493,4.26995878457938
TRUE,4.37484968339269,3.13697909283895,4.42748696786103
TRUE,3.02347032238137,1.93818945802323,1.7291800106722
TRUE,1.04931273377344,1.1310664479555,1.11027104551175
FALSE,2.31891894273023,2.88264916764427,4.1619581321673
TRUE,3.07279844853343,3.193214275457,4.83064379541911
TRUE,3.83049188884306,3.02867758172037,3.2520738388714
TRUE,5.0743011978465,3.13949968146502,3.97625612584977
TRUE,3.90449436141414,3.88536427887484,2.93287742895924
TRUE,7.1356845944263,5.11641105332781,3.40031312343898
TRUE,3.30383118858883,3.03861872101882,3.2641037594826
TRUE,7.09596043886659,3.86265532161712,4.11615605109902
FALSE,NA,3.90734707345647,4.41042974765477
TRUE,NA,2.97421901100802,2.98174058076805
TRUE,5.07570308525314,3.06145748887479,3.32460338365783
TRUE,3.8209130344046,2.8229790618226,4.18110234293367
TRUE,1.76536331019062,3.25614143809147,3.69254819079193
FALSE,4.26277693009911,3.93614506008286,3.02482014494248
FALSE,1.26533959980102,1.00060474826393,2.86703862775332
FALSE,1.77534978018699,3.9817639168312,3.31236926731394
TRUE,3.89485129680255,2.94144568557418,4.98175322144641
TRUE,2.93393483950293,3.17738209812465,2.70082772786444
TRUE,3.58706022422716,1.9284944305571,3.65041847281767
TRUE,2.76013481162664,2.90398108453139,3.31942669192432
FALSE,1.42496226470081,1.9472463866293,2.20471765709851
FALSE,2.77353027275632,2.74040611295878,1.84190213932597
TRUE,4.07771258805586,3.17441473077003,2.38603584624658
FALSE,3.76863530966158,2.02541691886537,3.05819483003757
TRUE,6.9702817389705,5.04944583961425,3.16208004686349
TRUE,1.05314229256371,1.95472906730406,4.38298369468771
TRUE,1.1313210991627,3.15891805409015,2.62886607325718
TRUE,3.23456603483682,1.06195699608027,1.68553972032491
FALSE,1.83357844712726,2.9569475259759,1.66427548251754
TRUE,6.21490780417308,4.00640800684029,2.91909871325353
TRUE,4.62167686491294,4.09017845890559,4.00759823166811
TRUE,4.05057838828428,3.09129012204249,2.31479636265647
TRUE,4.8378680837736,3.02133637610171,3.46850151349217
TRUE,5.09180688765912,3.99482256144575,3.80602987593732
TRUE,4.08894637882984,4.06250044374203,2.51923480577725
TRUE,5.98382952609102,2.94433012696256,3.39855535464416
FALSE,0.984681132104733,3.97223655202225,2.96763645201828
FALSE,1.76408564130171,2.90967813651149,0.875240157566415
TRUE,7.00574701608391,2.84000385491763,3.5004158866533
TRUE,2.28940560876615,3.01091397086066,4.43859203524428
TRUE,0.787455788891021,3.00823895480415,2.43039529926715
TRUE,3.48418344023783,3.03408973482853,3.49114770193383
TRUE,0.920554478142155,1.00345181019061,2.10516910173249
TRUE,1.29517809425545,3.32288700527847,1.58601627851646
TRUE,1.20756252948759,3.94635081548204,2.95982845030492
FALSE,NA,2.92162047275502,2.42127387178265
TRUE,7.25594270765618,4.01245172962618,3.80966966485275
FALSE,1.75275159276673,3.00863127649445,2.2120800860299
FALSE,NA,1.95240086093019,3.99898552683687
TRUE,4.0600672327313,2.93664229136277,4.89878882483457
FALSE,NA,2.99931795520789,2.84495425907515
FALSE,3.24616700567743,2.04070668820438,1.21370875133798
TRUE,4.07426203505289,2.79000315282571,4.99031481218871
FALSE,3.96690065141146,3.13513171407359,2.93776287105008
TRUE,1.08005732425674,1.93642400886265,3.05128379070203
FALSE,6.03009901123289,3.06812441842119,4.16497409120077
TRUE,1.40220659005298,2.08468377105771,2.0952997671917
TRUE,3.65478814662466,2.91682697900524,3.60518535747473
FALSE,NA,3.03346263431245,3.23785331492721
TRUE,6.96996432570541,4.0393536162449,4.79317398067238
TRUE,3.83867259040222,2.85459691816331,4.02752882815589
TRUE,2.20638609570539,3.09458838458639,3.49422469265421
TRUE,4.04368457003853,3.1698550157869,3.04957763379844
TRUE,2.8170741694064,1.0190148404324,1.99605436749183
TRUE,6.14953249554769,4.00226388208671,3.61440796805849
TRUE,2.96791761809043,2.85663357272154,3.65382620684931
FALSE,1.87724732677312,1.94803757479277,3.18043249817771
TRUE,2.72179975472017,0.918296647199593,1.14617839575918
TRUE,6.91939945804907,3.00439959602324,2.10178141202997
TRUE,4.05655144013522,3.074183679445,1.31658065626271
TRUE,1.49227847039409,3.22193420026782,1.64956117185918
TRUE,5.84080882463574,2.9530483384388,4.43595153340112
TRUE,1.75779588558297,3.20891192068661,2.77923080757986
TRUE,3.57029522555753,0.907535574373167,4.1943885023992
TRUE,1.95012159073589,1.96416636253454,3.36012397656713
TRUE,4.01707891636464,2.97472944541221,3.48421898336906
FALSE,2.16760719849797,2.0328371850399,2.48057109147023
TRUE,0.760818586994812,2.10804952089075,4.97050177067553
TRUE,1.90886359025266,2.80454250314359,3.36943347596843
TRUE,2.14883514672762,1.96511069010607,4.59128333242141
TRUE,3.22865096134961,3.10444273340917,2.85962952765781
FALSE,NA,1.01293201163681,3.07979275458126
TRUE,2.89582024557426,2.02595665903463,3.46619266338219
TRUE,0.933203922959978,1.01999410821653,1.06098566647953
FALSE,1.86655372490235,3.10877743072623,2.24351612219426
FALSE,1.19963555546042,4.07880828576366,3.32503068402077
FALSE,3.76957226560019,2.00418780275277,2.04296268366291
TRUE,1.16200779121808,2.06930439736582,3.77053138711238
TRUE,5.15671003498252,2.93202826534808,5.01839920490376
FALSE,4.12876447948788,2.81767473558403,2.66564169207453
TRUE,6.22948187171931,4.12314120974529,3.01161858471359
TRUE,4.05083412971038,3.16640044246919,2.92835627337873
TRUE,3.1988236891954,2.04249711541556,2.88435772782202
TRUE,0.505421452397148,1.91471042629174,3.50560895240334
TRUE,5.99235198365398,2.8653175441421,3.0241611008921
TRUE,1.67990095316094,3.06986036072668,4.06907148579038
TRUE,1.73773997677022,2.90824337027622,3.49963601265118
TRUE,0.849436003415217,1.99468037894071,3.68083644032288
TRUE,5.82286655948462,4.06073339040513,5.11429308117584
TRUE,6.95640976471454,3.97407027836426,4.25761213663546
TRUE,6.03798837264452,2.98853551883564,3.3711026363516
TRUE,4.23755762574395,2.93956704997564,5.04340137438922
TRUE,5.72816592999847,3.99237460261184,2.26571276230478
TRUE,1.90838867024335,3.00430512518404,4.35564746071084
TRUE,7.12266688759586,4.05657358980462,4.00316895275085
TRUE,2.54563151058788,2.15810773370925,1.69734216867528
FALSE,NA,2.87601333588293,3.06849283688793
TRUE,1.76094521658313,3.02399411280059,2.9399897658842
TRUE,1.97025016804205,3.00323898783355,1.49828759469484
FALSE,1.64610143187692,3.11272747216919,4.8578813890374
TRUE,6.38923645345662,3.91973247070716,3.75476753869053
TRUE,4.94549582749955,2.00184801502976,3.0997030749886
TRUE,0.730321245890365,0.810401404218081,2.62754609907398
FALSE,1.16459176124628,0.937744357863608,1.01057436492118
TRUE,4.15883894555527,2.92281121963404,3.7053616288791
FALSE,1.08748403141645,3.12902125139028,1.09743909503929
TRUE,7.08497283517198,4.07226896598664,2.39268280569479
FALSE,0.8466862805045,2.09019931222337,2.04224703402174
TRUE,NA,3.83003909358396,4.46196660502441
TRUE,4.32404342803731,3.07512573125548,2.85189875396451
FALSE,4.10996669456953,3.83778435303997,4.1526919167774
TRUE,7.3439027542989,3.93123615156326,4.16355777906304
FALSE,4.45573917110674,2.91209953258179,3.23412170930045
TRUE,6.42555068601449,2.96753396290127,4.79715357038821
TRUE,0.749884645826537,1.0754619320586,1.40234669646115
FALSE,3.02317872233923,2.12493550340145,3.01859818428629
TRUE,0.849288369483371,0.870120045142924,0.864156192945594
TRUE,2.139302836771,3.04687042901073,2.95426633796762
FALSE,4.07049293608761,3.20024125250172,3.24277634720661
TRUE,7.17706589418666,4.11459150185366,4.35734279273542
TRUE,2.75803485461726,1.92261899700866,1.63461572981368
FALSE,3.48366910206669,2.76911823957107,3.24595477231103
TRUE,3.10735044632974,2.88363544457878,2.05633069128731
TRUE,6.03552472183929,3.8648233180975,4.62880661672584
TRUE,2.05901783115837,3.07139170903079,3.46015750032456
TRUE,6.95359817718072,2.90017594928503,3.88603755392701
TRUE,NA,2.92759405967659,3.01263249357166
TRUE,5.99937668569891,4.06294250159284,4.89802505570455
FALSE,1.33063707172687,2.81732470073516,1.72313911196756
TRUE,4.27946913699585,1.78993198346356,1.21434975324865
TRUE,3.21354145838719,3.03869319722012,2.99687528715751
TRUE,5.03075447380853,2.86343329726023,3.76089792541472
TRUE,3.25841647962207,3.26777242230121,2.98220433048513
TRUE,7.02752236119067,4.06945804332963,4.35277016913212
TRUE,1.68513490025337,3.98091399283571,4.65043168477724
TRUE,4.45340887900906,2.98999217488993,4.56441166157744
TRUE,6.12483503032552,2.9672601383728,3.61550442380146
TRUE,NA,3.09704592450735,5.04485409315427
TRUE,3.93435159292229,2.96981626047959,1.32684485291539
FALSE,1.58493599768508,1.8541937619699,2.91595302361224
TRUE,3.91693453725928,2.03275189605918,4.60555534128884
TRUE,3.81078595458029,2.86929663338038,5.08804361095659
TRUE,5.09037429077453,2.87774082068468,1.79505681840657
FALSE,1.04024447145112,2.06346513823866,2.26079473196767
FALSE,3.30117923307288,1.00475643891698,1.98774332373051
TRUE,3.98428290606127,2.9697721014645,3.00260276719719
FALSE,1.15375241709334,2.03476162573359,2.74604308447236
TRUE,0.635911589962546,3.0717090183373,3.04357747421287
TRUE,1.8808586495717,2.76894267564582,4.1650733067804
TRUE,0.943153005031981,3.099027188437,4.13019806176172
TRUE,0.90486063124709,1.98977418678268,3.19461663272706
FALSE,0.521019441876012,2.06749771515546,2.4375346493576
TRUE,NA,3.08115813803788,3.76463157491536
TRUE,6.04998793459786,3.07374516723753,3.62428612122307
FALSE,1.81772404075314,2.99536754298444,2.32662121813174
TRUE,6.22030822765843,4.05663220845537,3.09309076415634
TRUE,1.21994743674162,2.85508415730894,1.64525636569961
TRUE,6.15944241452326,3.93763389583443,3.56952887269206
FALSE,0.917628527086822,1.04759660884321,1.99908862571995
TRUE,0.737534972774042,1.9661684285673,1.80990372111824
TRUE,2.0079855429165,2.78553035724523,3.0272030949468
FALSE,2.02682618330141,3.00594231116983,5.08488506987473
FALSE,4.00238402809711,2.96907035080618,2.91199305337795
FALSE,2.14098904668634,2.842700329655,4.40733507071469
TRUE,3.17058236527303,3.06247678030464,2.46295340313709
TRUE,2.93412922016433,3.02735906754653,3.49236186734958
FALSE,2.00257735991787,3.06299118526227,4.04474859584025
TRUE,5.73779439954891,3.98399059244302,3.38121220949542
TRUE,1.92435795936025,2.14253401161812,4.92464434951388
TRUE,0.51871909937884,2.97264222618816,3.52373439693837
TRUE,7.11062040475756,3.09045101170444,4.72806579138383
TRUE,4.97009418298572,3.82204483756295,3.59042251078332
FALSE,1.13164536641047,1.09091416959796,3.04114038150198
FALSE,1.09209607925278,4.13563709746426,3.30009011642942
TRUE,0.971023530241533,2.02334578743092,2.36985687588445
TRUE,0.914035633252941,1.90090334941834,2.2767714952205
TRUE,3.09684461724382,3.27251684034472,5.06599396250094
TRUE,2.16687590782824,2.90336536910482,4.26371330251584
TRUE,3.55692825908351,5.02470362256476,4.02512913482656
TRUE,4.7551151746091,3.13482233966872,4.83116505254534
FALSE,2.18460691504315,1.99702344727086,2.66955286203253
FALSE,1.26203632845829,2.17887893726389,2.93934974813717
FALSE,3.34711508662369,3.14730631412051,1.04187094274445
FALSE,2.09788659066637,2.04509535574177,4.72798850753147
TRUE,3.32298924476245,5.06066872543315,4.59068840276323
TRUE,3.94502613963875,2.98402124929165,3.71300856077328
TRUE,1.18966496793742,1.21386436473139,3.75108056650697
TRUE,3.56943890098747,2.93756995188406,4.87446289609798
TRUE,2.32138141404743,2.82155321671034,3.97425201209381
TRUE,5.63789011616116,3.96326055702108,3.06427082981254
TRUE,5.0260678158446,2.93164960843871,4.49031846096574
TRUE,4.45524910456008,3.05551556391542,3.22127744557449
TRUE,6.061860017074,3.91503999323993,4.89250703531687
TRUE,4.96951356140459,4.11872809890786,3.63067987866885
TRUE,6.29911476598938,4.83602542256753,4.78789975555149
TRUE,4.79312815964704,3.81727059377635,5.24639597993168
TRUE,1.18819470716944,0.928789008336835,2.62255927746236
TRUE,7.29609091454877,4.03026867427131,4.06195810657263
TRUE,3.76579488457034,3.0100086288233,2.97870915871077
TRUE,4.90429020812894,0.901594306206918,4.09221101580189
FALSE,1.81977500915658,2.94065348531829,2.87131865520103
TRUE,7.27208443448441,3.81953574750496,4.71161794054398
TRUE,7.36739575365741,4.94460437915709,4.82967146562647
TRUE,6.85114984974924,2.9788329180311,4.47953479109045
FALSE,0.930480588662327,1.98679764894386,3.04846874683219
TRUE,6.95724285704085,2.91096652492565,5.08996394102437
TRUE,7.0684967336856,3.10869542540186,4.32102213798421
TRUE,3.76355095591443,4.03761155195966,5.0226430834381
TRUE,4.93117342454362,4.09256712732468,4.94260764425152
TRUE,3.77567153890587,3.05623310911904,3.94677836952602
TRUE,2.95300389381624,2.1457944318975,3.74030980359309
FALSE,0.796617969005155,3.26521037823513,3.4889295340743
TRUE,7.01342332691997,5.09835588031781,4.05301473159703
TRUE,4.78052142679985,3.01911435321692,5.23392669574705
TRUE,6.30931891350368,5.03245420812009,4.06180548039574
TRUE,6.73253599264976,4.81530103644741,4.86202667640829
TRUE,3.86187182818493,3.1494592864506,3.71484773486438
TRUE,NA,2.18491636217419,4.08138866053215
TRUE,6.55254778482806,5.1056343150935,4.21766603564288
TRUE,5.77471332895627,4.06690843280894,4.93545252514551
TRUE,6.77597529463804,3.9539908327999,4.20103320432348
TRUE,6.5390539546388,5.10555259893447,5.0183390194229
TRUE,2.22743318093969,3.86397936391824,4.61298531852405
TRUE,3.87168518791682,3.03331499427642,3.89608318880653
TRUE,6.9717152388537,3.93872713243209,4.39564905647563
TRUE,3.69461898834105,3.01780467225915,4.27849238078223
TRUE,4.09614435758369,2.99839278244621,5.0006243977084
TRUE,2.69111621783104,1.98965310912351,5.04000474481891
TRUE,4.49030017916327,2.93951069156326,3.97678852949543
TRUE,1.1261214150958,1.98214538777004,4.25089934427731
TRUE,4.94740577653562,3.07647080563108,3.98364382300877
TRUE,1.12791494343027,1.02702375502442,5.00872577709058
TRUE,6.76120962386927,4.03129826513046,4.09839181881115
TRUE,4.28142616165126,3.0036540543739,4.15201329614173
TRUE,7.26375109971872,4.94199439122933,4.47430950779575
TRUE,7.09745444676232,4.98556317612418,5.00568663053671
TRUE,1.83157021210725,4.93564426354974,1.31229697285527
TRUE,0.885994429712273,4.0060033407468,4.97492277266983
TRUE,4.22798531760858,2.92322641175395,4.10825115287058
TRUE,7.08755006874886,5.08419684510874,4.42544589768225
TRUE,6.80239622699188,3.95831256003318,5.04616742680644
TRUE,4.27622553719566,2.94832709619645,4.41285227462445
TRUE,7.31218378290463,3.98603702535462,4.58839694690447
TRUE,4.01638416991539,3.0524003922588,4.62741398759384
TRUE,5.78226383164757,3.97622372381598,5.16461434592085
TRUE,7.2005758473354,5.14772999811416,4.96320923159263
FALSE,2.97915982021068,2.94146569243021,2.8694527078396
TRUE,5.82860128397589,4.06682145422997,3.58133988229733
TRUE,0.660356601286436,2.8985030186925,3.37183066363427
TRUE,4.77528908339784,3.9981784812039,4.13567747367411
FALSE,6.92426196192768,3.95177072464374,4.05580963574937
TRUE,7.39359176687262,4.71137647634262,4.91247923304157
TRUE,6.14508664182662,2.95602553480363,4.02936228922609
TRUE,5.1347834388732,2.85538343124724,4.94244296048858
TRUE,5.92321794057988,3.08122864350828,3.67139230398906
TRUE,6.05446182853507,3.99412255765164,5.09216252882223
FALSE,2.11469754679389,1.89391947358301,2.67086543492648
TRUE,7.09827812121645,4.87793731410607,5.01826300715649
TRUE,6.7838552785292,5.00211875211823,3.73602874874326
TRUE,0.944853728641187,1.81442391852667,3.9594187058196
TRUE,6.63055494406958,3.95456194645007,3.101465354582
TRUE,2.86438381104998,3.01241782062322,2.22915008382478
TRUE,6.13720309059672,1.87433814228071,3.71949592030284
TRUE,3.00257407648508,3.13503527314499,4.21203686155216
TRUE,4.09745056377924,3.96053701483299,5.01053648305046
TRUE,5.27145919320966,2.83565922289028,4.94709731673837
FALSE,5.9840980186055,2.80141479454256,4.1363842231311
FALSE,5.18507374411293,3.97789944104482,4.82456830783235
TRUE,4.76370200933981,4.1245693561649,4.57174115420236
TRUE,6.9989381692309,3.97998655633334,4.78193119342017
TRUE,4.8396190447947,5.24965299772542,4.38041699546136
FALSE,1.35248434369283,1.97330247638153,2.56934932826202
TRUE,7.35831104976285,3.70935045877436,4.18034152350809
TRUE,4.05524395433895,2.92430439300533,4.09643834981487
TRUE,5.87916156343791,4.06263558073443,5.019183726715
TRUE,6.98152406767255,5.20588546456915,4.22216383612807
FALSE,NA,1.24668930844735,3.12902147347251
TRUE,5.82098319141005,4.86928472719073,3.83346440906727
TRUE,7.15943060658049,5.13817343295786,3.54160188160282
TRUE,6.60087808102113,4.92332799929569,4.83075107875161
TRUE,1.15156820527944,1.00663284455933,3.77413019232329
FALSE,2.0574625026276,2.08496442227471,3.71529986265497
TRUE,6.55269195783638,4.89926502200879,4.92075410528459
TRUE,1.05807040904391,3.06079731602734,2.84604949138734
FALSE,3.85922798743978,3.15693837757018,2.61924480411488
TRUE,5.83768195062124,4.1120257750904,5.01412561432454
TRUE,5.0657792075369,5.16073403640545,3.97780437186212
TRUE,1.020147042204,2.96123628070775,2.81327993513372
TRUE,NA,3.05058754148501,3.93863914731918
FALSE,6.66071648987847,4.0387915484773,3.49900527470389
TRUE,6.26690978023757,3.89837291305731,3.78609054143481
TRUE,7.09752226290222,4.89493945709258,4.99892314059508
TRUE,5.71643025437168,3.96317060550623,4.93624813352908
TRUE,7.20598336750935,4.04863140202446,4.85584762205343
TRUE,5.04788416495703,4.05500993813115,3.46407503116671
TRUE,7.31588352169247,5.15766075422521,2.96617910844982
TRUE,4.12506971777607,3.65051578279961,4.20996023664924
TRUE,3.47997148706135,4.86465771184835,4.87065073812766
TRUE,4.64697456880666,5.10884853997884,4.67016590789732
TRUE,7.12227684934198,2.08931678369332,4.99787978849034
TRUE,4.32525009466048,5.08913676515618,5.04754125463151
TRUE,5.16373735649016,4.02843851164499,4.12378254037815
TRUE,4.78466103421941,4.11947717135412,4.64735182502968
TRUE,1.00790863333423,2.99981331068133,5.049159551837
FALSE,2.0517123534553,2.97710551142973,4.44062905912671
TRUE,1.73448944810077,3.91362705764832,4.93881676172537
TRUE,6.85877323184232,4.09326343067138,4.80768503230263
FALSE,3.61876960399604,3.97397467782734,4.74129359049121
TRUE,4.99360409854328,3.14655040863953,3.24744634086722
TRUE,6.49826545975965,3.01101071490347,3.3465175622887
TRUE,2.84298980259745,3.13237509201277,3.8841994244696
TRUE,6.84053462922024,4.95407674849659,4.63099699820522
TRUE,5.871451502937,3.94404375227629,5.11982132315235
TRUE,7.15124949417828,3.02907878761555,5.00310061866582
TRUE,NA,2.9591569651654,4.55855305827808
TRUE,6.20391079281646,3.02293633058225,4.07639945659485
FALSE,3.7389111374618,2.9774762701761,2.93321454952818
FALSE,3.59332015799776,2.11709340636985,2.60823406515442
TRUE,2.18146597936816,2.89615765706349,5.10863151826991
FALSE,3.7918598730846,1.06140489775569,3.29189622606319
FALSE,3.8237619843518,5.1010466451601,3.0020931946969
TRUE,4.6165026314558,3.9832760485875,4.11405522911791
TRUE,6.03988567969318,4.07577671391122,4.89959407550178
TRUE,7.36649488521557,5.00337690536865,4.87750072614602
TRUE,5.2277655256792,4.89148577262126,4.64051166462786
TRUE,6.2063407521086,4.14131099895427,3.89559704198747
TRUE,1.73203995239788,3.05546750128219,4.97875876255215
TRUE,4.93294307645116,2.903707860837,3.34632008524354
TRUE,4.61282681111447,4.99556563081349,4.44049074066207
FALSE,0.696884708722898,1.03120096099026,3.94923074326334
TRUE,6.74880127479969,5.06670275102302,4.56649771005874
FALSE,4.83056182978635,3.9945198656306,4.48768538193535
TRUE,2.59339004301134,2.78270742846171,4.4576638591732
FALSE,3.7454458898498,2.98683955803283,4.83638202294682
TRUE,0.902798424262405,3.03219437667645,4.93454993667033
TRUE,7.08507485724724,3.92862904811096,4.39619712509572
TRUE,2.09087779562035,4.03421521916556,4.90330949718067
FALSE,4.46426177379623,3.01494745863503,2.87626484641886
TRUE,4.09624072153897,4.02325854540454,4.03203929699409
TRUE,4.3173484129312,4.02425353357326,4.49139263734066
TRUE,6.46054517475783,4.91903491047831,4.49117296048931
TRUE,4.20931643319909,3.01607906374172,4.7224742481342
TRUE,3.9828975654402,3.15404320797361,5.04737273682001
TRUE,3.92943838747119,4.05768463378281,4.79389282533659
TRUE,6.25226469238341,4.85933040503321,4.69845086840249
TRUE,4.5875037001526,3.13819605938781,4.66820489914339
TRUE,7.19822305150817,4.05921701634334,4.83865986770299
TRUE,5.21174859534818,3.97563818983563,3.85332437708024
TRUE,6.1092959651351,2.88942678187317,3.70410688865357
TRUE,7.53122687327308,4.12919876914664,3.7533588401403
TRUE,0.708272068728335,1.91468679394029,3.88123424897176
TRUE,4.0669353482127,4.01041472504868,3.13363313565192
FALSE,1.95898012823058,2.80917686375136,3.08933194424604
TRUE,5.28520470775212,2.85762134992506,4.63153921374119
TRUE,2.90828873098981,2.01940367832473,4.13115858202757
TRUE,2.2080288471128,2.10378147036007,4.9889950287869
TRUE,6.40086422389604,4.08774369832255,2.72411352300764
TRUE,7.24041776786408,5.04961381758958,4.88146450196233
TRUE,7.70228224347141,4.24561811647021,4.01062285782332
FALSE,3.40581010362107,3.00180315713617,3.50513522271043
FALSE,1.36745033332592,1.99797245636292,2.40524967617669
TRUE,NA,2.86316984062494,3.99725808728066
TRUE,5.11679567239151,4.9633980968007,4.80762275634338
TRUE,1.94962655943677,3.01336780453126,4.39169103905659
TRUE,0.653177583708013,1.89240013349167,3.13423279872286
TRUE,4.94633678562156,4.09262522154651,4.51658763994209
TRUE,5.95292607191293,5.06014710884014,3.63184923611921
FALSE,3.78189632268404,2.93901536978778,1.05845904458693
TRUE,4.12948018672586,2.94160176631455,4.98787214936104
FALSE,2.30335293844975,3.07522990820795,1.17611162910645
TRUE,5.9033655635372,3.09250047664884,4.4571311386487
TRUE,3.56499364759055,4.19061159830914,4.64921737283157
TRUE,NA,2.83508048065242,NA
FALSE,4.238248111865,4.76324875798247,3.71301487992085
TRUE,5.27376788872693,5.0112776587579,3.78416334888259
FALSE,3.91888047210057,3.16340283052853,4.90512047327089
TRUE,3.25457712111864,2.0248678373992,4.15320667366434
TRUE,7.25157850138621,4.96137857742203,3.98213114167924
TRUE,4.3268242087206,2.81616522498576,4.67057100509904
TRUE,4.52984731543847,2.77773832941159,2.72078925279093
TRUE,7.41568853386779,3.92384355587925,5.08369028539279
TRUE,7.30634885324715,5.09439652366933,3.48474882113386
TRUE,4.19845351706019,3.91483456206241,4.93981193280248
TRUE,7.14198098948149,4.90470716605211,5.09263242452063
TRUE,4.04773293730203,3.0306269695507,3.1396915705938
TRUE,6.7533809025413,5.12333265715841,3.72309334048608
TRUE,3.08147384873245,3.02930253013359,4.73136054169493
TRUE,3.85002804751045,2.89257506986495,4.0019232230331
TRUE,2.53651669183183,3.28572249798562,2.56270645412544
TRUE,3.84674530420193,2.89960770734275,3.54394818543619
TRUE,3.69650895612281,4.05591108974059,2.83969972909507
TRUE,4.01307572351571,2.95335981360044,4.39884839669055
TRUE,1.24768038822827,0.990747278982112,3.02558883613357
TRUE,7.1164216038433,4.90268590901179,3.93382625191105
TRUE,2.95866590988285,2.85987190556289,5.06940797981544
TRUE,4.54802861236279,3.91712801855802,4.73221248513766
TRUE,4.98968287862315,3.97776405101992,4.72949499702144
TRUE,4.00658867178967,3.13019718107991,4.49664069884215
TRUE,4.235909201143,2.94358211754497,4.60856184085617
TRUE,7.13157378324509,5.12557938331842,4.22576024228923
FALSE,6.94327992723214,4.87124901306367,2.54426156810021
TRUE,7.15899164826808,3.95371670195173,4.72365065809535
TRUE,5.94417074581139,3.99041791557479,4.39366065906657
TRUE,3.85622398131093,3.08498117894087,5.16558812442236
TRUE,4.17842037646539,2.99483488067048,3.00651341885114
TRUE,6.86652667590665,4.05631752966545,4.47392687242177
TRUE,7.18321441642816,4.91620662544751,3.52710293321074
TRUE,6.42073529794618,2.9770487900702,3.37031442942695
TRUE,1.90656587135476,1.92427845263576,4.63634862174104
TRUE,5.7019321252548,3.00235872784782,4.5055663347687
TRUE,6.98530970322329,5.14610842514783,4.948923408084
TRUE,4.14119784939673,2.85202539325437,4.53669281853712
TRUE,4.22960419559943,3.14106351684527,3.99846893937168
TRUE,4.30206097085826,3.8892737994454,5.0587634390728
TRUE,5.79581972748569,4.16099595721708,5.07400235084051
TRUE,4.94533986159223,5.01277065795908,5.01722521960459
FALSE,1.95198187008897,1.98420216077717,0.876466986040385
TRUE,4.45051869046226,4.07740288747892,4.98685899200755
FALSE,0.775345509197582,1.92005961647289,2.92758871477123
TRUE,0.944370179435285,0.942134296279018,1.25966421109733
TRUE,4.06821614559561,2.90866061408487,2.91269791106606
TRUE,4.07369671373609,2.91469475133908,2.91376673453756
TRUE,5.11562023967701,2.91991834117836,4.83802706558237
TRUE,4.95443318060704,3.96560502298409,4.79336351723476
FALSE,4.25854725264123,2.96321220000995,4.57782997094216
TRUE,2.00773603215889,2.65595618417225,3.95808475549669
TRUE,4.79473548211297,3.18766977042402,4.91523849625664
TRUE,3.36190172732317,2.92195591558654,2.26771495491225
TRUE,6.32416490360992,4.16908558483216,4.92884568814889
FALSE,0.542181991053633,4.02669976099969,2.76602945998996
TRUE,7.16538258225271,4.96612752353757,4.90819617920704
TRUE,5.08034691315447,4.00662800167985,5.22527066451378
TRUE,6.92492586796866,2.97439673263069,2.80622420056367
FALSE,7.43481610310854,4.08516036413447,4.93536837593641
FALSE,4.02561442401387,1.91211614544211,3.77324424989075
TRUE,4.93974207001176,4.04202485496044,2.84755148971799
TRUE,6.22064194766654,3.9335906765775,3.06853344672308
TRUE,2.22139920234166,0.947316368160312,2.21156496736008
TRUE,4.04485348602578,3.07034665523975,2.87782519749577
TRUE,2.53991623531967,3.00290928012588,2.242592640993
TRUE,7.17580999152335,4.89461161270191,4.32369620029982
TRUE,1.24179573742854,1.00257140689246,3.13690858008889
TRUE,3.66666686020075,2.96979104525629,4.28384531053196
TRUE,6.83790709599777,5.08664688497867,3.91822417369574
TRUE,2.0977305417223,2.91497875257104,3.71550121832124
TRUE,6.88992322637678,4.11911291165981,4.62345126772807
TRUE,6.33370214083189,3.11316575396082,4.07363235176553
FALSE,4.93587533020987,1.02271874331298,3.14989341489556
TRUE,6.60007781626534,4.94067289381121,5.1421892790703
TRUE,7.25156949225647,2.89681901918195,4.32931343768036
TRUE,4.16518358159007,4.21252480396259,5.16697923998574
TRUE,7.24712941183196,4.22250610561866,3.262833552393
TRUE,4.98821495177785,3.98390876072538,4.90640056066336
FALSE,4.10619460989471,2.93003000842001,4.93132469574263
TRUE,0.919897168144359,1.92854256799142,2.32176936509248
TRUE,7.26010034289619,3.91291412531543,4.81211672821392
TRUE,NA,3.03585350990788,4.41820291695225
TRUE,4.08401234167612,2.90443583309961,3.87552926946667
TRUE,4.72950424844538,2.95805424326513,2.90601969825088
TRUE,4.24786693887951,2.98514183472821,5.16496732033598
TRUE,3.74229642378645,5.05542012551015,3.40029902060996
TRUE,4.01332677255736,3.15685457141013,4.21085810865737
TRUE,5.29890862190874,2.91065371537217,4.27676160195175
FALSE,5.21897576181414,2.96338410157335,4.61492020853988
TRUE,4.77230189311632,2.98601709638244,3.99486802675886
TRUE,4.67813377927378,5.11733043685496,4.30526111156056
TRUE,6.84177483640063,4.06696107381527,4.42609779703032
TRUE,2.0159131350577,2.99240696773806,3.99331804900976
TRUE,7.12066568246334,5.11956400483608,3.22706949803688
FALSE,1.26605184332376,3.01712145760954,2.47405563311827
TRUE,5.84929438225,3.92447284629866,4.067552785304
TRUE,NA,2.80188759740373,3.10220447637861
TRUE,7.24315865116078,4.06671960024514,3.46509775973049
TRUE,4.58443442332945,4.03795815172685,4.43306583134705
TRUE,4.11084220103717,2.88610027807115,4.48662170356219
TRUE,3.66591150328221,1.66293368372827,3.78201482214067
TRUE,3.83710707694806,0.928297734636463,1.01601709690606
TRUE,6.04170644254208,1.94412759065926,4.95291490957752
TRUE,2.21274096598776,2.88200373175263,4.91510339023394
FALSE,0.891843800926245,2.85237989643373,3.07955388453475
TRUE,5.28078888866658,2.9963239374226,4.12821074384286
TRUE,0.517063426794771,2.20348678670454,5.03470848443606
FALSE,4.08868928838937,4.12130352840318,4.1739849855846
TRUE,6.10014352402294,4.06092289413763,4.97023421676803
TRUE,4.04337194937468,2.97612177643322,5.00768615648117
TRUE,7.02749863336743,4.96582912897143,4.88032976194825
TRUE,5.11220505257411,5.13936394096902,3.5218451674952
FALSE,NA,3.09498532826155,4.82208949347489
TRUE,5.86776479581225,4.9379145356973,3.36099250688423
TRUE,6.75682710954042,3.97675419549287,4.93615611294304
TRUE,6.37136253041461,4.09890423337734,4.17135815562198
TRUE,6.06073654188889,3.00770036205105,4.91943152568538
TRUE,6.68750823386307,5.16129585322578,4.69352558740239
TRUE,7.50765031886466,5.12750584786501,4.5676489417641
TRUE,4.22065782487963,3.89114667646637,4.40367652070777
TRUE,6.41275015097101,4.09054254689537,4.33956295308832
TRUE,3.32082350654234,2.85740949547405,5.14046957661015
FALSE,4.75123301947489,4.96156761079987,4.21098763171677
TRUE,7.15526610570068,4.06987825246308,4.87225159349848
TRUE,4.95097517189539,2.78973927494925,3.85895627866967
TRUE,1.32424771866628,2.95529266903825,5.07450373903226
FALSE,3.8750230460321,3.10716399278338,3.04786905862619
TRUE,5.30523352478956,4.02551048754589,5.05510146066454
TRUE,5.61117937527264,3.86907015745677,3.15058345408744
TRUE,7.00752909701982,4.94380009695626,4.27984551856897
TRUE,4.63625071836749,5.12034266949714,4.91605373262005
TRUE,7.34811060305997,4.04160666125475,3.21776006125365
TRUE,5.60898486158845,3.99506170852046,4.95496550525668
FALSE,5.14199350277721,5.24689683569482,4.91662348383845
TRUE,5.50849870337206,3.08745268844651,4.95630751435375
TRUE,6.94669158708846,3.02121786087558,5.16350178959194
TRUE,4.41417179015894,4.18197428867229,5.23234926397362
TRUE,4.19395936687113,1.99439921016438,4.64566967941635
TRUE,5.21652839267039,4.09557289794441,5.02436889465846
TRUE,5.7432198518888,2.82550348835103,4.24437405877469
TRUE,0.665610366200251,2.93848208656064,3.93197004777427
TRUE,0.79066855812552,1.09030974993638,1.88682898095799
TRUE,0.728762444681048,0.985513328902877,3.71170618898962
TRUE,5.32008300461216,3.9426783523624,4.38769699545013
TRUE,7.49315991841143,4.08374790769087,4.23698257425754
TRUE,6.57523788809493,5.13722405091508,5.25964268936747
TRUE,3.94323639896448,4.98799409086844,4.92120780937811
TRUE,1.24026074675399,1.97409016125553,3.20039758547595
TRUE,7.30640858600611,4.08826105991886,4.05168924803395
TRUE,3.8585768137915,2.87262596799321,3.38338793465781
TRUE,2.63260377044642,2.89670743511029,3.71898646707863
TRUE,6.69293367983115,5.06491927995432,3.87147643933633
FALSE,4.29636682372799,4.95168256692269,5.13057581863897
TRUE,7.18436956428035,3.85156619957237,4.79813451265552
TRUE,4.09121535108897,2.92187842283754,5.31280375479775
FALSE,7.01038167681566,3.05327983043975,5.26081769768112
TRUE,6.51269730284928,3.9364337986423,3.37167901076181
FALSE,1.96493701075027,2.01475485639395,2.68164247414421
TRUE,3.82128504437672,3.96081641310246,4.28180765894628
FALSE,3.6960135997931,2.91295105156345,4.34911872328385
TRUE,4.92537033198564,3.89301522459785,4.70492866565081
TRUE,4.55794456752017,4.13918301059595,4.22293685640204
TRUE,4.14834726844885,4.90957197705078,5.00778746418535
TRUE,5.84388478315153,3.97769855523861,5.09224316646145
FALSE,1.94903009962068,3.02575169549478,2.74213190040631
TRUE,6.01618996860321,3.10430361146796,5.03392970080119
TRUE,0.9253736176932,0.901427734099033,2.01209165621337
TRUE,NA,3.1840682455574,4.53806937952952
TRUE,4.71479992281833,4.84708166315088,4.86699927188639
FALSE,1.20039616677263,4.94565574892957,3.38312943450566
TRUE,6.56083560721805,2.976691267009,5.11162838228412
TRUE,3.93063604322073,4.17951650252587,5.07256302287652
TRUE,3.69864852481682,5.06453120830651,3.09072040685195
TRUE,6.54769566035814,4.03641065081606,5.03144988538333
TRUE,4.09511158302941,4.027438458417,5.05546995004288
TRUE,4.10376476861955,3.06043427416128,2.80236649927918
TRUE,4.56029651421955,2.93807512715098,4.79598146831633
FALSE,4.51033477625254,3.72274828721429,5.08344364757744
TRUE,4.96015826513333,4.94627209097851,4.43615046833894
FALSE,3.83125570594421,1.06738364855771,1.98380603111932
FALSE,4.297751908823,4.91280913404928,5.01635155731895
TRUE,4.35964626996474,3.95329882860309,4.61888881655026
FALSE,4.91831783436681,4.99918928988439,4.83787488112543
TRUE,6.95742343060683,4.94200240666538,4.47013093043976
TRUE,6.33047459363875,2.93622225684321,4.88301421491527
TRUE,5.60106653202861,5.0158773777873,2.65632139750797
TRUE,6.91455100028055,3.86030436181478,4.26775533073903
TRUE,1.92896921169162,2.08332169540767,4.56523500305043
TRUE,3.83259951916385,3.04338273296155,3.12162870490636
TRUE,7.23391771060807,4.92747781555483,5.16655759823471
TRUE,2.27902103971107,2.984792229678,3.34829798878291
TRUE,NA,4.03290006728927,3.88002052389315
TRUE,7.06473851349953,4.01118942251678,4.00028566153598
FALSE,3.96417313009438,4.10803684233422,4.99392923131794
TRUE,4.44796713620244,3.95606843900092,4.18783792819591
TRUE,7.15466592565951,5.04997056737374,3.05894811806505
TRUE,5.79900500600958,3.12720087065985,4.13119106925805
TRUE,3.91219298446382,3.01097992603254,4.94588767038371
FALSE,3.78131373335,5.08632262063057,3.41270759025077
TRUE,2.65298084503431,3.12356897795901,4.14161068086789
TRUE,3.19368509105213,2.87387503040966,3.7196480280388
TRUE,0.692536415651813,1.97887206233714,1.91538298331784
FALSE,3.02495591818566,3.02733550740456,1.52534295349751
TRUE,7.13461502678554,4.01220723662952,5.06433012655715
TRUE,6.68062821243818,5.08604911816722,5.0739165989628
TRUE,1.8703460499074,2.02561321972042,4.55358425042938
TRUE,NA,3.2537891913144,4.60721764807784
TRUE,3.37859227791319,3.00435883474187,3.41802801299436
TRUE,3.9938453180588,3.9778203101883,4.83337790500942
TRUE,3.20926512190026,3.04931583682711,5.12367234348325
TRUE,6.06344998991007,3.99757864513815,3.98630190291924
TRUE,6.76540996248774,5.05396479998157,4.3242646110442
TRUE,6.73140499824665,4.89757512993683,5.22871292919758
TRUE,5.04338611798159,3.06849050310817,4.5919121912502
TRUE,5.00383389710708,3.97178474030974,4.48753071465893
TRUE,3.29234544186527,3.03592123086635,3.07518460987055
TRUE,0.976907089254245,3.99357521146841,3.84607658069728
TRUE,4.92265952849898,3.96404642402017,3.75224598850927
FALSE,1.04332590835213,2.90639245127299,2.80227204712812
TRUE,NA,3.17694185256512,4.39008147176661
TRUE,1.54343409994221,2.07790662897053,3.73360718667534
TRUE,6.57160223838722,3.88440878325026,5.01521579236241
TRUE,5.18788650184084,3.79678090944525,4.4243530304015
TRUE,6.06132208807253,3.91840484498715,5.06322384984723
TRUE,4.30477626151323,4.1272211305782,5.14665143837641
FALSE,4.82812395398246,4.93980575503376,4.64751824100032
TRUE,6.95184759395348,5.06906576872621,4.75453031262563
FALSE,4.94475185764677,2.9832837614396,4.56881315509208
FALSE,0.974294077364867,1.9467900478996,2.05167666992668
TRUE,4.97775338337235,3.83942890179259,5.01284710967179
TRUE,1.17913971224135,3.037050107308,3.74658668040697
TRUE,5.60051430416796,4.09738604810602,5.15056543087165
TRUE,7.07650820043004,3.86857348945972,4.45880490063791
FALSE,3.85135801345294,4.14903273869224,4.99453275040184
TRUE,5.11087637343556,3.88258904743446,3.54776622929349
TRUE,4.98387586890218,4.02612296502092,3.48013537649614
TRUE,3.71228363118374,3.88586432363527,4.69400408798289
TRUE,2.71167438221464,1.10163409382528,5.04743193186751
TRUE,3.45598270673498,4.14060630843564,3.34425951488528
TRUE,0.906132735766782,1.02537857921423,2.8786800252814
FALSE,1.67682958087302,1.93456070644236,1.37127113909971
TRUE,4.71858813744035,3.96045466738506,4.16773128094402
TRUE,7.11852901498811,4.02564741027301,3.93489389562552
FALSE,4.76708320673946,3.08884973984307,4.86108782470832
TRUE,6.97996945934096,5.04998581866791,4.60021665036018
TRUE,7.1589559029314,4.01317454549578,4.58389395588252
TRUE,6.97345650635202,4.78223749366342,4.97950412876693
TRUE,NA,2.92761065353346,3.12489937237751
TRUE,3.11278935562702,2.05426713879191,4.38830908613977
TRUE,6.84165626904808,3.90906239092443,3.85288075312597
TRUE,2.89607262744919,4.13723303336533,4.55185869926373
TRUE,4.25210517810817,3.1045760849702,4.30274638059934
TRUE,3.84047841633516,2.83135099506757,4.80087420307915
TRUE,1.47911898879447,3.03738260627425,0.908455500680819
TRUE,5.27503076879081,1.83683780663868,4.85238878635369
TRUE,4.55203351731167,4.95402260710926,3.93401199837578
TRUE,6.91668175469538,3.01742163426769,4.80373924122207
TRUE,6.04911911100881,4.10989668772136,5.00259733725667
TRUE,4.23839780196199,3.97771190173682,4.87692018309056
TRUE,4.73896865313231,3.09618500698061,3.21834248532234
TRUE,5.2440044084553,5.03270311146513,4.81752524496356
TRUE,5.81775353464515,4.86590445309025,5.01631444118941
FALSE,6.79288180782086,4.9444462683153,5.13256630331262
TRUE,1.82855235972892,2.73055558870584,4.8891924253954
FALSE,3.99171587632765,4.13280634068234,4.92922700908528
TRUE,0.746789839723389,1.89119804903359,3.99896483743081
TRUE,6.18765001124349,3.98628639857564,5.16675415010719
TRUE,2.9852850135471,3.22365053424645,3.60434782636603
TRUE,3.47277261807474,2.13641411628943,2.68834895529846
TRUE,4.54217851345209,4.08603658011948,4.20096842614165
TRUE,4.78055805040608,3.15555318914084,4.56342388826407
TRUE,6.11203288525581,2.88827019179682,2.95229962715554
TRUE,5.06522124907105,4.85363138404836,4.48841129507876
FALSE,4.15828871568523,3.03055627173043,4.80170859023632
TRUE,6.15245341087586,2.9960102385231,4.2910867647435
TRUE,5.97878537942029,3.95307284440601,4.82276757261512
TRUE,3.83866884229286,4.93178800806415,3.8996900113185
TRUE,6.28985105694818,3.8936674952111,5.03080819727459
TRUE,4.9793764379972,3.02771016318795,2.84616662623321
TRUE,4.12848196448599,2.89577800987454,4.93484651660556
TRUE,1.0394359445434,3.12396187630681,3.7824785160932
TRUE,1.22990547464277,2.05386546603032,2.35853153983084
